log_timestamp| session_start| running_time| iteration_start| iteration_end| iteration_duration| data_written| data_failed| memory_usage
2024-08-08 13:37:05.492668|2024-08-08 13:29:17.117035|0:07:34.407822|2024-08-08 13:29:31.078863|2024-08-08 13:37:05.486685|0:07:34.407822|26896|16400|{}
2024-08-08 13:52:07.544216|2024-08-08 13:29:17.117035|0:14:17.045376|2024-08-08 13:45:24.901675|2024-08-08 13:52:07.539229|0:06:42.637554|2568|1600|{}
2024-08-08 14:05:14.654077|2024-08-08 13:29:17.117035|0:20:01.936426|2024-08-08 13:59:29.757042|2024-08-08 14:05:14.648092|0:05:44.891050|2317|1400|{}
2024-08-08 14:17:12.444224|2024-08-08 13:29:17.117035|0:25:41.312443|2024-08-08 14:11:33.063221|2024-08-08 14:17:12.439238|0:05:39.376017|2003|1200|{}
2024-08-08 14:30:03.916588|2024-08-08 13:29:17.117035|0:32:19.853398|2024-08-08 14:23:25.370646|2024-08-08 14:30:03.911601|0:06:38.540955|1904|1200|{}
2024-08-08 14:43:17.251315|2024-08-08 13:29:17.117035|0:38:15.326028|2024-08-08 14:37:21.773699|2024-08-08 14:43:17.246329|0:05:55.472630|2296|1400|{}
2024-08-08 14:56:16.291291|2024-08-08 13:29:17.117035|0:44:43.835135|2024-08-08 14:49:47.776202|2024-08-08 14:56:16.285309|0:06:28.509107|2132|1300|{}
2024-08-08 15:10:08.650895|2024-08-08 13:29:17.117035|0:51:29.342867|2024-08-08 15:03:23.130197|2024-08-08 15:10:08.637929|0:06:45.507732|2184|1300|{}
2024-08-08 15:23:06.912148|2024-08-08 13:29:17.117035|0:57:02.050440|2024-08-08 15:17:34.197592|2024-08-08 15:23:06.905165|0:05:32.707573|2342|1434|{}
2024-08-08 15:35:07.056880|2024-08-08 13:29:17.117035|1:02:56.929044|2024-08-08 15:29:12.173290|2024-08-08 15:35:07.051894|0:05:54.878604|1870|1166|{}
2024-08-08 15:48:15.009695|2024-08-08 13:29:17.117035|1:09:35.448921|2024-08-08 15:41:36.484831|2024-08-08 15:48:15.004708|0:06:38.519877|2062|1230|{}
2024-08-08 16:01:08.163213|2024-08-08 13:29:17.117035|1:15:10.781304|2024-08-08 15:55:32.825843|2024-08-08 16:01:08.158226|0:05:35.332383|2285|1389|{}
2024-08-08 16:13:06.278499|2024-08-08 13:29:17.117035|1:21:00.321414|2024-08-08 16:07:16.734402|2024-08-08 16:13:06.274512|0:05:49.540110|1885|1181|{}
2024-08-08 16:26:07.207725|2024-08-08 13:29:17.117035|1:27:37.328861|2024-08-08 16:19:30.195290|2024-08-08 16:26:07.202737|0:06:37.007447|2032|1200|{}
2024-08-08 16:39:10.292486|2024-08-08 13:29:17.117035|1:33:23.617615|2024-08-08 16:33:23.999741|2024-08-08 16:39:10.288495|0:05:46.288754|2296|1400|{}
2024-08-08 16:52:11.019510|2024-08-08 13:29:17.117035|1:40:03.732017|2024-08-08 16:45:30.899150|2024-08-08 16:52:11.013552|0:06:40.114402|1968|1200|{}
2024-08-08 17:06:14.524893|2024-08-08 13:29:17.117035|1:46:47.224290|2024-08-08 16:59:31.027632|2024-08-08 17:06:14.519905|0:06:43.492273|2296|1400|{}
2024-08-08 17:20:10.313767|2024-08-08 13:29:17.117035|1:53:19.686178|2024-08-08 17:13:37.846893|2024-08-08 17:20:10.308781|0:06:32.461888|2366|1470|{}
2024-08-08 17:34:12.812718|2024-08-08 13:29:17.117035|2:00:10.922636|2024-08-08 17:27:21.570278|2024-08-08 17:34:12.806736|0:06:51.236458|2167|1330|{}
2024-08-08 17:47:07.195591|2024-08-08 13:29:17.117035|2:05:33.189288|2024-08-08 17:41:44.922983|2024-08-08 17:47:07.189635|0:05:22.266652|2455|1500|{}
2024-08-08 17:58:17.305116|2024-08-08 13:29:17.117035|2:10:49.088449|2024-08-08 17:53:01.399973|2024-08-08 17:58:17.299134|0:05:15.899161|1804|1100|{}
2024-08-08 18:10:05.570551|2024-08-08 13:29:17.117035|2:16:50.820798|2024-08-08 18:04:03.818991|2024-08-08 18:10:05.551340|0:06:01.732349|1804|1100|{}
2024-08-08 18:22:09.801557|2024-08-08 13:29:17.117035|2:22:17.931479|2024-08-08 18:16:42.685890|2024-08-08 18:22:09.796571|0:05:27.110681|2132|1300|{}
2024-08-08 18:33:13.520708|2024-08-08 13:29:17.117035|2:27:21.927604|2024-08-08 18:28:09.518631|2024-08-08 18:33:13.514756|0:05:03.996125|1804|1100|{}
2024-08-08 18:44:09.610085|2024-08-08 13:29:17.117035|2:32:44.696560|2024-08-08 18:38:46.836143|2024-08-08 18:44:09.605099|0:05:22.768956|1804|1100|{}
2024-08-08 18:55:14.255246|2024-08-08 13:29:17.117035|2:37:55.112271|2024-08-08 18:50:03.831557|2024-08-08 18:55:14.247268|0:05:10.415711|1804|1100|{}
2024-08-08 19:06:08.314510|2024-08-08 13:29:17.117035|2:43:08.129692|2024-08-08 19:00:55.293099|2024-08-08 19:06:08.310520|0:05:13.017421|1804|1100|{}
2024-08-08 19:17:15.380974|2024-08-08 13:29:17.117035|2:48:30.829405|2024-08-08 19:11:52.676275|2024-08-08 19:17:15.375988|0:05:22.699713|1804|1100|{}
2024-08-08 19:29:14.050036|2024-08-08 13:29:17.117035|2:54:35.287122|2024-08-08 19:23:09.587331|2024-08-08 19:29:14.045048|0:06:04.457717|1804|1100|{}
2024-08-08 19:41:14.542099|2024-08-08 13:29:17.117035|2:59:55.341576|2024-08-08 19:35:54.482657|2024-08-08 19:41:14.537111|0:05:20.054454|2132|1300|{}
2024-08-08 19:54:11.853779|2024-08-08 13:29:17.117035|3:07:00.620230|2024-08-08 19:47:06.570140|2024-08-08 19:54:11.848794|0:07:05.278654|1804|1100|{}
2024-08-08 20:06:20.600467|2024-08-08 13:29:17.117035|3:11:21.804116|2024-08-08 20:01:59.394137|2024-08-08 20:06:20.578023|0:04:21.183886|2460|1500|{}
2024-08-08 20:17:08.258983|2024-08-08 13:29:17.117035|3:17:22.326059|2024-08-08 20:11:07.733052|2024-08-08 20:17:08.254995|0:06:00.521943|1476|900|{}
2024-08-08 20:29:12.735358|2024-08-08 13:29:17.117035|3:22:50.783740|2024-08-08 20:23:44.271693|2024-08-08 20:29:12.729374|0:05:28.457681|2132|1300|{}
2024-08-08 20:40:13.182729|2024-08-08 13:29:17.117035|3:27:50.386115|2024-08-08 20:35:13.573371|2024-08-08 20:40:13.175746|0:04:59.602375|1804|1100|{}
2024-08-08 20:53:01.306056|2024-08-08 13:29:17.117035|3:35:09.564057|2024-08-08 20:45:42.123355|2024-08-08 20:53:01.301297|0:07:19.177942|1804|1100|{}
2024-08-08 21:07:07.999788|2024-08-08 13:29:17.117035|3:41:13.315445|2024-08-08 21:01:04.244411|2024-08-08 21:07:07.995799|0:06:03.751388|2460|1500|{}
2024-08-08 21:19:16.251665|2024-08-08 13:29:17.117035|3:46:42.232414|2024-08-08 21:13:47.315746|2024-08-08 21:19:16.232715|0:05:28.916969|2132|1300|{}
2024-08-08 21:31:14.487321|2024-08-08 13:29:17.117035|3:52:39.617865|2024-08-08 21:25:17.094889|2024-08-08 21:31:14.480340|0:05:57.385451|1804|1100|{}
2024-08-08 21:44:17.844598|2024-08-08 13:29:17.117035|3:59:10.226677|2024-08-08 21:37:47.230798|2024-08-08 21:44:17.839610|0:06:30.608812|2132|1300|{}
